Nome do Repositório,Idade (dias),PRs Aceitos Externos,Releases,Dias sem atualizar,Linguagem,Total Issues,Issues Fechadas,Razão Issues Fechadas (%)
codecrafters-io/build-your-own-x,2854,100,0,0,Markdown,886,653,73.7
sindresorhus/awesome,4252,100,0,0,Nenhuma,365,348,95.34
freeCodeCamp/freeCodeCamp,4086,97,0,0,TypeScript,21145,20958,99.12
public-apis/public-apis,3634,100,0,0,Python,835,832,99.64
EbookFoundation/free-programming-books,4526,100,0,0,Python,1263,1227,97.15
kamranahmedse/developer-roadmap,3274,100,1,0,TypeScript,3082,3049,98.93
jwasham/coding-interview-university,3557,100,0,0,Nenhuma,525,454,86.48
donnemartin/system-design-primer,3291,65,0,0,Python,358,110,30.73
vinta/awesome-python,4266,100,0,0,Python,0,0,0
awesome-selfhosted/awesome-selfhosted,3928,76,1,0,Nenhuma,807,807,100.0
996icu/996.ICU,2534,100,0,0,Nenhuma,0,0,0
practical-tutorials/project-based-learning,3247,100,0,0,Nenhuma,228,82,35.96
openclaw/openclaw,98,86,59,0,TypeScript,14334,9826,68.55
facebook/react,4665,71,118,0,JavaScript,14382,13568,94.34
torvalds/linux,5293,0,0,0,C,0,0,0
TheAlgorithms/Python,3517,91,0,0,Python,1702,1540,90.48
vuejs/vue,4600,92,249,0,TypeScript,10027,9668,96.42
trimstray/the-book-of-secret-knowledge,2809,100,0,0,Nenhuma,0,0,0
ossu/computer-science,4321,93,0,0,HTML,665,653,98.2
trekhleb/javascript-algorithms,2901,100,0,0,JavaScript,371,233,62.8
tensorflow/tensorflow,3769,92,221,0,C++,41186,40299,97.85
ohmyzsh/ohmyzsh,6030,100,0,0,Shell,5031,4889,97.18
getify/You-Dont-Know-JS,4490,100,0,0,Nenhuma,949,949,100.0
CyC2018/CS-Notes,2939,100,0,0,Nenhuma,577,449,77.82
microsoft/vscode,3833,50,196,0,TypeScript,231721,218411,94.26
Significant-Gravitas/AutoGPT,1083,91,93,0,Python,3736,3502,93.74
jackfrued/Python-100-Days,2923,13,0,0,Jupyter Notebook,711,188,26.44
n8n-io/n8n,2446,100,544,0,TypeScript,8175,7710,94.31
flutter/flutter,4014,95,7,0,Dart,112390,100208,89.16
twbs/bootstrap,5330,100,94,0,MDX,22848,22453,98.27
github/gitignore,5593,100,0,0,Nenhuma,0,0,0
massgravel/Microsoft-Activation-Scripts,2241,3,29,0,Batchfile,908,905,99.67
avelino/awesome-go,4257,98,0,0,Go,726,713,98.21
ollama/ollama,980,96,187,0,Go,9457,7472,79.01
AUTOMATIC1111/stable-diffusion-webui,1288,78,27,0,Python,7885,5486,69.58
jlevy/the-art-of-command-line,3939,97,0,0,Nenhuma,258,136,52.71
huggingface/transformers,2681,90,243,0,Python,18650,17572,94.22
Snailclimb/JavaGuide,2856,100,0,0,Java,1130,1056,93.45
DigitalPlatDev/FreeDomain,641,1,0,0,HTML,0,0,0
f/prompts.chat,1183,100,0,0,HTML,130,126,96.92
yt-dlp/yt-dlp,1954,54,130,0,Python,11109,9298,83.7
airbnb/javascript,4869,91,0,0,JavaScript,1399,1299,92.85
langflow-ai/langflow,1118,100,282,0,Python,3158,2815,89.14
521xueweihan/HelloGitHub,3590,17,63,0,Python,2961,2681,90.54
ytdl-org/youtube-dl,5601,72,341,0,Python,26819,23189,86.46
vercel/next.js,3435,98,1000,0,JavaScript,24300,22250,91.56
yangshun/tech-interview-handbook,3528,96,0,0,TypeScript,120,76,63.33
Genymobile/scrcpy,3023,22,50,0,C,5954,3284,55.16
labuladong/fucking-algorithm,2204,99,0,0,Markdown,961,961,100.0
golang/go,4214,1,0,0,Go,70354,60928,86.6
langgenius/dify,1056,92,158,0,TypeScript,16687,16276,97.54
microsoft/PowerToys,2497,93,127,0,C#,38205,30111,78.81
langchain-ai/langchain,1233,94,1000,0,Python,9104,8868,97.41
x1xhlol/system-prompts-and-models-of-ai-tools,362,40,0,0,Nenhuma,189,103,54.5
Chalarangelo/30-seconds-of-code,3015,96,12,0,JavaScript,300,300,100.0
open-webui/open-webui,878,100,152,0,Python,7762,7598,97.89
facebook/react-native,4070,98,442,0,C++,27577,26827,97.28
krahets/hello-algo,1214,99,10,0,Java,282,274,97.16
kubernetes/kubernetes,4287,98,784,0,Go,48598,46770,96.24
electron/electron,4708,100,1000,0,C++,21470,20729,96.55
ripienaar/free-for-dev,4002,94,0,0,HTML,0,0,0
excalidraw/excalidraw,2252,81,14,0,TypeScript,4640,2538,54.7
justjavac/free-programming-books-zh_CN,4502,100,3,0,Nenhuma,0,0,0
nodejs/node,4114,22,483,0,JavaScript,20078,18321,91.25
anomalyco/opencode,306,92,725,0,TypeScript,9547,5008,52.46
d3/d3,5635,95,194,0,Shell,2239,2229,99.55
iptv-org/iptv,2665,99,0,0,TypeScript,21689,21375,98.55
mrdoob/three.js,5823,97,175,0,JavaScript,13505,13061,96.71
rust-lang/rust,5738,100,146,0,Rust,61563,50445,81.94
axios/axios,4214,95,109,0,JavaScript,4956,4756,95.96
rustdesk/rustdesk,1981,86,35,0,Rust,3999,3933,98.35
microsoft/TypeScript,4276,51,214,0,TypeScript,42958,37984,88.42
Hack-with-Github/Awesome-Hacking,3624,30,0,0,Nenhuma,0,0,0
shadcn-ui/ui,1153,76,75,0,TypeScript,3926,2941,74.91
microsoft/generative-ai-for-beginners,987,72,0,0,Jupyter Notebook,206,201,97.57
godotengine/godot,4440,100,66,0,C++,61241,48258,78.8
GrowingGit/GitHub-Chinese-Top-Charts,2371,0,0,0,Java,343,162,47.23
denoland/deno,2849,43,365,0,Rust,13945,11573,82.99
goldbergyoni/nodebestpractices,3091,85,0,0,Dockerfile,332,286,86.14
fatedier/frp,3724,25,109,0,Go,4056,4022,99.16
Comfy-Org/ComfyUI,1141,61,121,0,Python,7946,4494,56.56
facebook/create-react-app,3515,100,83,0,JavaScript,8421,6574,78.07
papers-we-love/papers-we-love,4460,82,0,0,Shell,248,246,99.19
tauri-apps/tauri,2425,19,0,0,Rust,6164,4907,79.61
microsoft/terminal,3125,80,146,0,C++,13814,12166,88.07
deepseek-ai/DeepSeek-V3,432,25,1,0,Python,719,677,94.16
clash-verge-rev/clash-verge-rev,832,71,62,0,TypeScript,4990,4829,96.77
angular/angular,4183,100,606,0,TypeScript,30365,29367,96.71
jaywcjlove/awesome-mac,3515,92,13,0,JavaScript,509,378,74.26
Shubhamsaboo/awesome-llm-apps,673,100,0,0,Python,119,119,100.0
Anduin2017/HowToCook,2193,94,4,0,Dockerfile,826,364,44.07
supabase/supabase,2334,67,25,0,TypeScript,5230,4957,94.78
mtdvio/every-programmer-should-know,3112,99,0,0,Nenhuma,44,31,70.45
mui/material-ui,4214,99,555,0,JavaScript,20346,18750,92.16
pytorch/pytorch,3489,43,64,0,Python,57061,40969,71.8
2dust/v2rayN,2408,100,299,0,C#,6592,6587,99.92
ant-design/ant-design,3965,82,740,0,TypeScript,32393,31107,96.03
neovim/neovim,4413,63,48,0,Vim Script,13744,12100,88.04
ggml-org/llama.cpp,1088,90,1000,0,C++,7098,6666,93.91
google-gemini/gemini-cli,319,66,386,0,TypeScript,10590,8599,81.2
fastapi/fastapi,2642,40,269,0,Python,3506,3495,99.69
nvbn/thefuck,3981,88,17,0,Python,774,477,61.63
microsoft/Web-Dev-For-Beginners,1939,98,0,0,JavaScript,420,361,85.95
openai/whisper,1263,81,13,0,Python,0,0,0
ryanmcdermott/clean-code-javascript,3384,100,0,0,JavaScript,245,165,67.35
immich-app/immich,1488,22,287,0,TypeScript,7993,7476,93.53
tailwindlabs/tailwindcss,3069,59,300,0,TypeScript,4770,4720,98.95
iluwatar/java-design-patterns,4223,95,0,0,Java,978,839,85.79
puppeteer/puppeteer,3219,100,644,0,TypeScript,7323,7064,96.46
nvm-sh/nvm,5800,97,71,0,Shell,2393,2062,86.17
deepseek-ai/DeepSeek-R1,406,10,1,0,Nenhuma,690,664,96.23
florinpop17/app-ideas,2562,35,0,0,Nenhuma,195,51,26.15
PanJiaChen/vue-element-admin,3242,60,49,0,Vue,3613,2356,65.21
microsoft/markitdown,474,67,18,0,Python,385,83,21.56
storybookjs/storybook,3637,83,1000,0,TypeScript,14152,12037,85.06
bitcoin/bitcoin,5552,85,63,0,C++,9005,8641,95.96
gin-gonic/gin,4277,87,29,0,Go,2382,1786,74.98
oven-sh/bun,1784,84,210,0,Zig,15769,10941,69.38
firecrawl/firecrawl,686,31,32,0,TypeScript,824,778,94.42
ChatGPTNextWeb/NextChat,1088,99,77,0,TypeScript,3581,2899,80.96
django/django,5057,83,0,0,Python,0,0,0
gohugoio/hugo,4624,86,365,0,Go,8033,7791,96.99
rasbt/LLMs-from-scratch,953,42,0,0,Jupyter Notebook,217,216,99.54
opencv/opencv,4975,100,67,0,C++,11427,8859,77.53
mermaid-js/mermaid,4139,95,179,0,TypeScript,3575,2210,61.82
sveltejs/svelte,3389,15,605,0,JavaScript,8920,8006,89.75
home-assistant/core,4550,64,1000,0,Python,68185,65283,95.74
ruanyf/weekly,2697,100,0,0,Nenhuma,8451,1281,15.16
3b1b/manim,3998,53,13,0,Python,1223,765,62.55
microsoft/ML-For-Beginners,1826,77,0,0,Jupyter Notebook,158,158,100.0
laravel/laravel,5382,100,211,0,Blade,0,0,0
louislam/uptime-kuma,1704,80,124,0,JavaScript,4633,3977,85.84
microsoft/playwright,2299,43,158,0,TypeScript,17086,16497,96.55
MunGell/awesome-for-beginners,3782,99,0,0,Nenhuma,203,188,92.61
macrozheng/mall,2890,0,3,0,Java,499,489,98.0
realworld-apps/realworld,3657,100,0,0,TypeScript,545,511,93.76
animate-css/animate.css,5256,94,22,0,CSS,883,843,95.47
anthropics/skills,161,3,0,0,Python,145,21,14.48
punkpeye/awesome-mcp-servers,458,91,0,0,Nenhuma,199,148,74.37
bregman-arie/devops-exercises,2342,100,0,0,Python,103,69,66.99
tonsky/FiraCode,4129,100,29,0,Clojure,1380,959,69.49
DopplerHQ/awesome-interview-questions,3748,100,0,0,Nenhuma,61,34,55.74
syncthing/syncthing,4480,52,461,0,Go,5854,5484,93.68
astral-sh/uv,882,0,258,0,Rust,8595,6241,72.61
spring-projects/spring-boot,4882,35,339,0,Java,41349,40872,98.85
modelcontextprotocol/servers,469,82,24,0,TypeScript,831,560,67.39
ByteByteGoHq/system-design-101,896,16,0,0,Nenhuma,57,18,31.58
hacksider/Deep-Live-Cam,890,73,10,0,Python,1111,1029,92.62
browser-use/browser-use,487,44,118,0,Python,1397,1268,90.77
fighting41love/funNLP,2750,14,0,0,Python,84,47,55.95
doocs/advanced-java,2704,62,1,0,Java,148,147,99.32
anuraghazra/github-readme-stats,2062,53,0,0,JavaScript,1386,1231,88.82
vitejs/vite,2142,70,658,0,TypeScript,8348,7890,94.51
junegunn/fzf,4513,83,76,0,Go,3101,2847,91.81
hoppscotch/hoppscotch,2385,94,98,0,TypeScript,2328,1767,75.9
netdata/netdata,4641,63,132,0,C,8203,8032,97.92
tensorflow/models,3679,92,51,1,Python,7324,6240,85.2
nomic-ai/gpt4all,1071,83,38,0,C++,2212,1493,67.5
MisterBooo/LeetCodeAnimation,2644,63,0,0,Java,61,43,70.49
coder/code-server,2560,76,223,0,TypeScript,3793,3626,95.6
FortAwesome/Font-Awesome,5127,87,63,0,JavaScript,19900,19609,98.54
zed-industries/zed,1837,34,1000,0,Rust,18570,15923,85.75
elastic/elasticsearch,5866,91,235,0,Java,43065,38568,89.56
mlabonne/llm-course,989,2,0,0,Nenhuma,95,32,33.68
d2l-ai/d2l-zh,3114,66,16,0,Python,0,0,0
localsend/localsend,1173,100,24,0,Dart,1594,739,46.36
sdmg15/Best-websites-a-programmer-should-visit,3284,99,0,0,Nenhuma,185,105,56.76
swisskyrepo/PayloadsAllTheThings,3423,100,5,0,Python,0,0,0
typicode/json-server,4478,86,46,0,JavaScript,1178,566,48.05
Developer-Y/cs-video-courses,3419,99,0,0,Nenhuma,0,0,0
Stirling-Tools/Stirling-PDF,1130,57,166,0,TypeScript,1650,1312,79.52
nestjs/nest,3313,68,141,0,TypeScript,5783,5764,99.67
ventoy/Ventoy,2183,100,108,0,C,2690,1878,69.81
unionlabs/union,1021,91,107,0,Rust,1837,1709,93.03
infiniflow/ragflow,812,39,40,0,Python,6582,3616,54.94
vuejs/awesome-vue,3787,94,0,0,Nenhuma,230,191,83.04
github/spec-kit,193,99,111,0,Python,863,327,37.89
jesseduffield/lazygit,2845,65,176,0,Go,2518,1740,69.1
sherlock-project/sherlock,2625,94,2,0,Python,1149,1069,93.04
redis/redis,6190,99,117,0,C,6914,4704,68.04
awesomedata/awesome-public-datasets,4121,100,1,0,Nenhuma,122,48,39.34
anthropics/claude-code,373,38,51,0,Shell,29086,23922,82.25
lobehub/lobehub,1017,27,1000,0,TypeScript,5390,4805,89.15
twitter/the-algorithm,1071,2,0,0,Scala,1066,749,70.26
tesseract-ocr/tesseract,4220,54,35,0,C++,2748,2318,84.35
CompVis/stable-diffusion,1300,5,0,0,Jupyter Notebook,735,199,27.07
grafana/grafana,4464,100,592,0,TypeScript,43123,39862,92.44
thedaviddias/Front-End-Checklist,3060,96,1,0,Nenhuma,151,151,100.0
enaqx/awesome-react,4227,100,0,0,Nenhuma,118,117,99.15
josephmisiti/awesome-machine-learning,4248,100,0,0,Python,97,97,100.0
openai/openai-cookbook,1453,62,0,0,Jupyter Notebook,724,655,90.47
abi/screenshot-to-code,839,36,0,0,TypeScript,396,282,71.21
python/cpython,3307,32,0,0,Python,75422,68256,90.5
vllm-project/vllm,1117,2,84,0,Python,13781,12078,87.64
ocornut/imgui,4242,99,118,0,C++,6778,5745,84.76
PKUFlyingPig/cs-self-learning,1594,100,5,0,HTML,231,106,45.89
PaddlePaddle/PaddleOCR,2124,10,29,0,Python,10493,10269,97.87
moby/moby,4791,99,273,0,Go,23379,20109,86.01
strapi/strapi,3806,34,513,0,TypeScript,11799,11225,95.14
pallets/flask,5809,99,38,0,Python,2722,2722,100.0
dair-ai/Prompt-Engineering-Guide,1172,92,0,0,MDX,239,74,30.96
apache/superset,3877,20,243,0,TypeScript,12185,11532,94.64
protocolbuffers/protobuf,4206,98,208,0,C++,6793,6668,98.16
obsproject/obs-studio,4536,92,235,0,C,4916,4160,84.62
hakimel/reveal.js,5382,100,49,0,JavaScript,2490,1696,68.11
caddyserver/caddy,4066,92,133,0,Go,4485,4283,95.5
binary-husky/gpt_academic,1079,84,32,0,Python,1756,1480,84.28
fffaraz/awesome-cpp,4247,92,0,0,Nenhuma,590,245,41.53
swiftlang/swift,3783,97,66,0,C++,17468,10058,57.58
Eugeny/tabby,3357,97,204,0,TypeScript,6024,3508,58.23
danielmiessler/SecLists,5126,87,29,0,PHP,317,307,96.85
nektos/act,2616,100,92,0,Go,1317,1076,81.7
binhnguyennus/awesome-scalability,2988,37,0,0,Nenhuma,0,0,0
expressjs/express,6093,98,164,0,JavaScript,4031,3930,97.49
base/node,1125,87,70,0,Go,328,322,98.17
obra/superpowers,144,20,2,0,Shell,322,210,65.22
OpenHands/OpenHands,720,26,99,0,Python,3831,3654,95.38
AppFlowy-IO/AppFlowy,1720,93,127,0,Dart,3897,2996,76.88
ansible/ansible,5109,100,207,0,Python,33290,32751,98.38
hiyouga/LlamaFactory,1010,69,35,0,Python,7859,6965,88.62
chartjs/Chart.js,4733,65,117,0,JavaScript,7301,6817,93.37
prakhar1989/awesome-courses,4125,99,0,0,Nenhuma,82,39,47.56
juliangarnier/anime,3641,82,34,0,JavaScript,835,750,89.82
leonardomso/33-js-concepts,2736,99,0,0,JavaScript,119,119,100.0
webpack/webpack,5106,92,447,0,JavaScript,10149,10036,98.89
labmlai/annotated_deep_learning_paper_implementations,2016,60,0,0,Python,142,114,80.28
apache/echarts,4717,98,122,0,TypeScript,19303,17655,91.46
xtekky/gpt4free,1069,97,429,0,Python,1989,1983,99.7
TapXWorld/ChinaTextbook,2249,1,0,0,Roff,160,76,47.5
lydiahallie/javascript-questions,2456,89,0,0,Nenhuma,252,233,92.46
scikit-learn/scikit-learn,5677,25,49,0,Python,11976,10389,86.75
NationalSecurityAgency/ghidra,2559,96,51,0,Java,5860,4322,73.75
sindresorhus/awesome-nodejs,4252,100,0,0,Nenhuma,105,102,97.14
TheAlgorithms/Java,3516,100,0,0,Java,1202,1177,97.92
bradtraversy/design-resources-for-developers,2126,96,0,0,Nenhuma,111,109,98.2
kdn251/interviews,3303,35,0,0,Java,58,24,41.38
kelseyhightower/nocode,2946,1,1,0,Dockerfile,4917,728,14.81
FoundationAgents/MetaGPT,977,74,22,0,Python,906,889,98.12
chrislgarry/Apollo-11,4351,89,0,0,Assembly,387,330,85.27
localstack/localstack,3415,31,106,0,Python,6169,5867,95.1
facebook/docusaurus,3177,100,154,0,TypeScript,3399,3108,91.44
keras-team/keras,3993,98,86,0,Python,12653,12455,98.44
toeverything/AFFiNE,1310,82,540,0,TypeScript,3603,3105,86.18
prometheus/prometheus,4846,50,359,0,Go,6383,5868,91.93
socketio/socket.io,5835,100,82,0,TypeScript,3650,3462,94.85
resume/resume.github.com,5503,67,0,0,JavaScript,126,66,52.38
openai/codex,324,71,557,0,Rust,6083,4767,78.37
alacritty/alacritty,3666,100,105,0,Rust,6248,5926,94.85
openinterpreter/open-interpreter,963,60,48,0,Python,1050,804,76.57
OpenBB-finance/OpenBB,1898,73,54,0,Python,2283,2243,98.25
nocodb/nocodb,3046,96,183,0,TypeScript,4492,4063,90.45
rust-lang/rustlings,3822,96,46,0,Rust,758,708,93.4
traefik/traefik,3823,60,506,0,Go,6602,5930,89.82
FuelLabs/sway,1868,98,185,0,Rust,3264,2417,74.05
gorhill/uBlock,3988,96,283,0,JavaScript,3447,3434,99.62
ryanoasis/nerd-fonts,4106,78,38,0,CSS,1126,1079,95.83
daytonaio/daytona,756,28,161,0,TypeScript,1066,833,78.14
lodash/lodash,5078,99,2,0,JavaScript,4338,4274,98.52
tldr-pages/tldr,4468,100,6,0,Markdown,1683,1479,87.88
reduxjs/redux,3930,92,78,0,TypeScript,2067,2030,98.21
unclecode/crawl4ai,663,53,13,0,Python,932,751,80.58
atom/atom,5155,100,538,0,JavaScript,17111,16148,94.37
LadybirdBrowser/ladybird,642,50,0,0,C++,1470,922,62.72
xingshaocheng/architect-awesome,2887,49,0,0,Nenhuma,71,23,32.39
h5bp/Front-end-Developer-Interview-Questions,5135,94,0,0,Nunjucks,177,143,80.79
youngyangyang04/leetcode-master,2270,100,0,0,Shell,277,68,24.55
scrapy/scrapy,5853,87,46,0,Python,3241,2780,85.78
BurntSushi/ripgrep,3644,89,74,0,Rust,1767,1673,94.68
minio/minio,4065,56,521,0,Go,7885,7840,99.43
commaai/openpilot,3386,100,61,0,Python,3221,3042,94.44
adam-p/markdown-here,5042,9,17,0,JavaScript,634,333,52.52
jquery/jquery,6177,38,13,0,JavaScript,2381,2304,96.77
nuxt/nuxt,3414,85,274,0,TypeScript,17156,16347,95.28
spring-projects/spring-framework,5564,66,357,0,Java,27877,27569,98.9
jgraph/drawio-desktop,3203,22,169,0,JavaScript,1737,1676,96.49
pathwaycom/pathway,1191,19,84,0,Python,140,113,80.71
CorentinJ/Real-Time-Voice-Cloning,2473,46,0,0,Python,1111,951,85.6
git/git,6431,3,0,0,C,0,0,0
shadowsocks/shadowsocks-windows,4796,98,55,0,C#,2915,2727,93.55
meta-llama/llama,1113,54,0,0,Python,1111,652,58.69
Solido/awesome-flutter,3221,98,0,0,Dart,0,0,0
topjohnwu/Magisk,3462,87,156,0,Rust,6492,6453,99.4
Asabeneh/30-Days-Of-Python,2295,100,0,0,Python,148,84,56.76
angular/angular.js,5900,100,0,0,JavaScript,9033,8644,95.69
cline/cline,605,100,238,0,TypeScript,3403,2896,85.1
PlexPt/awesome-chatgpt-prompts-zh,1177,31,0,0,Nenhuma,97,59,60.82
rails/rails,6535,78,160,0,Ruby,18478,17970,97.25
FiloSottile/mkcert,2808,46,14,0,Go,350,241,68.86
affaan-m/everything-claude-code,44,85,9,0,JavaScript,123,114,92.68
FFmpeg/FFmpeg,5436,0,0,0,C,0,0,0
sharkdp/bat,2872,59,43,0,Rust,1579,1265,80.11
usememos/memos,1545,21,86,0,Go,2823,2807,99.43
h5bp/html5-boilerplate,5881,87,34,0,JavaScript,1358,1353,99.63
FuelLabs/fuel-core,2013,57,124,0,Rust,1154,996,86.31
withastro/astro,1813,46,1000,0,TypeScript,5970,5780,96.82
pmndrs/zustand,2520,70,101,0,TypeScript,694,692,99.71
scutan90/DeepLearning-500-questions,2806,100,0,0,JavaScript,192,81,42.19
zylon-ai/private-gpt,1036,67,10,0,Python,1227,965,78.65
ultralytics/yolov5,2115,71,10,0,Python,9440,9400,99.58
soimort/you-get,4942,61,123,0,Python,0,0,0
pocketbase/pocketbase,1337,54,244,0,Go,1951,1928,98.82
remix-run/react-router,4308,81,326,0,TypeScript,8310,8197,98.64
pathwaycom/llm-app,958,30,0,0,Jupyter Notebook,18,13,72.22
dani-garcia/vaultwarden,2935,100,78,0,Rust,2561,2551,99.61
ageitgey/face_recognition,3286,63,2,0,Python,1378,598,43.4
meilisearch/meilisearch,2870,2,299,0,Rust,2392,2163,90.43
pi-hole/pi-hole,4285,50,123,0,Shell,3125,3094,99.01
gatsbyjs/gatsby,3938,100,158,0,JavaScript,14130,13914,98.47
rust-unofficial/awesome-rust,4246,100,0,0,Rust,144,134,93.06
azl397985856/leetcode,2895,100,40,0,JavaScript,256,248,96.88
rclone/rclone,4369,89,121,0,Go,5963,5033,84.4
Textualize/rich,2304,62,175,0,Python,1480,1264,85.41
wasabeef/awesome-android-ui,4087,83,0,0,Nenhuma,115,94,81.74
golang-standards/project-layout,3096,94,0,0,Makefile,115,44,38.26
tiimgreen/github-cheat-sheet,4342,100,0,0,Nenhuma,74,49,66.22
RVC-Boss/GPT-SoVITS,778,97,4,0,Python,2008,1232,61.35
opendatalab/MinerU,733,2,143,0,Python,2091,1903,91.01
Mintplex-Labs/anything-llm,1003,27,25,0,JavaScript,3208,2933,91.43
AntonOsika/gpt-engineer,1038,76,21,0,Python,501,470,93.81
Z4nzu/hackingtool,2152,55,0,0,Python,392,322,82.14
microsoft/autogen,927,76,98,0,Python,2938,2494,84.89
deepfakes/faceswap,2996,89,5,0,Python,898,896,99.78
appwrite/appwrite,2520,99,120,0,TypeScript,4295,3750,87.31
FoundationAgents/OpenManus,361,88,3,0,Python,741,388,52.36
docling-project/docling,602,3,155,0,Python,1627,815,50.09
starship/starship,2527,38,138,0,Rust,2628,1853,70.51
lencx/ChatGPT,1182,34,34,0,Rust,1253,368,29.37
ElemeFE/element,3468,100,145,0,Vue,17894,15249,85.22
marktext/marktext,3032,79,36,0,JavaScript,2999,1654,55.15
karpathy/nanoGPT,1161,44,0,0,Python,353,114,32.29
maybe-finance/maybe,791,99,28,0,Ruby,0,0,0
go-gitea/gitea,3409,49,224,0,Go,15426,12814,83.07
ultralytics/ultralytics,1268,49,347,0,Python,12478,12342,98.91
psf/requests,5496,100,14,0,Python,4128,3940,95.45
necolas/normalize.css,5416,55,0,0,CSS,517,470,90.91
laurent22/joplin,3332,92,400,0,TypeScript,7748,7162,92.44
facebookresearch/segment-anything,1075,16,0,0,Jupyter Notebook,717,182,25.38
wagoodman/dive,2850,52,28,0,Go,373,205,54.96
romkatv/powerlevel10k,2563,99,33,0,Shell,2603,2488,95.58
vuejs/core,2820,84,268,0,TypeScript,5955,5303,89.05
ngosang/trackerslist,3599,1,0,0,Nenhuma,508,501,98.62
unslothai/unsloth,824,94,23,0,Python,2963,2105,71.04
google/material-design-icons,4163,41,16,0,Nenhuma,1563,1177,75.3
mozilla/pdf.js,5425,100,83,0,JavaScript,10417,9989,95.89
firstcontributions/first-contributions,3450,100,0,0,Nenhuma,1365,1326,97.14
WerWolv/ImHex,1938,86,82,0,C++,1555,1252,80.51
microsoft/ai-agents-for-beginners,459,97,0,0,Jupyter Notebook,86,86,100.0
Zie619/n8n-workflows,293,33,1,0,Python,97,80,82.47
JetBrains/kotlin,5131,69,283,0,Kotlin,0,0,0
ionic-team/ionic-framework,4577,100,929,0,TypeScript,22139,21539,97.29
cloudcommunity/Free-Certifications,2040,97,0,0,Nenhuma,64,19,29.69
sickcodes/Docker-OSX,2097,62,0,0,Shell,681,287,42.14
TryGhost/Ghost,4685,82,951,0,JavaScript,7218,7153,99.1
PowerShell/PowerShell,3701,28,193,0,C#,13318,12133,91.1
typst/typst,2351,42,27,0,Rust,4052,2956,72.95
prettier/prettier,3380,77,134,0,JavaScript,7179,5980,83.3
2dust/v2rayNG,2484,100,282,0,Kotlin,3687,3683,99.89
etcd-io/etcd,4622,100,272,0,Go,7119,7005,98.4
xai-org/grok-1,716,5,0,0,Python,0,0,0
google/guava,4295,83,57,0,Java,3647,3029,83.05
vsouza/awesome-ios,4253,97,0,0,Swift,492,490,99.59
jekyll/jekyll,6343,86,112,0,Ruby,4925,4798,97.42
termux/termux-app,3784,93,95,0,Java,3024,2591,85.68
coollabsio/coolify,1862,23,665,0,PHP,3458,2881,83.31
Semantic-Org/Semantic-UI,4711,77,154,0,JavaScript,6235,5269,84.51
chinese-poetry/chinese-poetry,3469,87,1,0,JavaScript,213,92,43.19
DefinitelyTyped/DefinitelyTyped,4896,98,1,0,TypeScript,8109,7543,93.02
agalwood/Motrix,2631,51,21,0,JavaScript,1354,597,44.09
ethereum/go-ethereum,4449,96,227,0,Go,8634,8445,97.81
justjavac/awesome-wechat-weapp,3448,100,0,0,Nenhuma,0,0,0
poteto/hiring-without-whiteboards,3275,99,0,0,JavaScript,0,0,0
charlax/professional-programming,3769,43,0,0,Python,32,32,100.0
dockur/windows,778,100,119,0,Shell,980,880,89.8
jgthms/bulma,3691,68,22,0,CSS,2743,2403,87.6
jesseduffield/lazydocker,2481,64,45,0,Go,396,203,51.26
harry0703/MoneyPrinterTurbo,722,17,9,0,Python,616,400,64.94
Avik-Jain/100-Days-Of-ML-Code,2798,6,0,0,Nenhuma,0,0,0
mastodon/mastodon,3661,80,327,0,Ruby,12732,8538,67.06
FlowiseAI/Flowise,1067,100,80,0,TypeScript,2505,1862,74.33
cypress-io/cypress,4017,76,387,0,TypeScript,15319,14104,92.07
NARKOZ/hacker-scripts,3754,63,0,0,JavaScript,104,68,65.38
odoo/odoo,4311,79,0,0,Python,18807,15253,81.1
lyswhut/lx-music-desktop,2392,87,111,0,TypeScript,2350,1273,54.17
AlistGo/alist,1895,79,143,0,Go,4432,3886,87.68
dkhamsing/open-source-ios-apps,4053,80,37,0,Nenhuma,333,333,100.0
jellyfin/jellyfin,2641,22,102,0,C#,8186,7556,92.3
nlohmann/json,4625,93,45,0,C++,2366,2328,98.39
dbeaver/dbeaver,3786,74,243,0,Java,20004,16842,84.19
huginn/huginn,4741,58,1,0,Ruby,2179,1576,72.33
TanStack/query,2365,97,1000,0,TypeScript,2273,2203,96.92
iamkun/dayjs,2884,43,125,0,JavaScript,1825,867,47.51
mem0ai/mem0,987,57,272,0,Python,1392,938,67.39
JuliaLang/julia,5430,46,195,0,Julia,25831,21987,85.12
ReactiveX/RxJava,4801,51,243,0,Java,3181,3167,99.56
ChrisTitusTech/winutil,1405,79,33,0,PowerShell,2139,2131,99.63
algorithm-visualizer/algorithm-visualizer,3579,43,0,0,JavaScript,123,76,61.79
moment/moment,5481,93,0,0,JavaScript,4165,3915,94.0
pandas-dev/pandas,5670,99,118,0,Python,28147,24712,87.8
hashicorp/terraform,4372,95,402,0,Go,21614,19843,91.81
sansan0/TrendRadar,308,1,0,0,Python,391,361,92.33
x64dbg/x64dbg,3978,51,4,0,C++,2686,2110,78.56
lllyasviel/Fooocus,936,3,21,0,Python,1641,1419,86.47
type-challenges/type-challenges,2048,78,0,0,TypeScript,37044,3998,10.79
expo/expo,3486,74,0,0,TypeScript,18107,17776,98.17
serhii-londar/open-source-mac-os-apps,3042,62,0,0,Nenhuma,217,210,96.77
kelseyhightower/kubernetes-the-hard-way,3525,65,0,0,Nenhuma,438,416,94.98
minimaxir/big-list-of-naughty-strings,3859,89,0,0,Python,101,32,31.68
kamranahmedse/design-patterns-for-humans,3301,50,0,0,Nenhuma,52,47,90.38
gogs/gogs,4402,95,96,0,Go,5176,4254,82.19
bigskysoftware/htmx,2149,60,27,0,JavaScript,1669,1060,63.51
upstash/context7,341,83,48,0,TypeScript,1645,1511,91.85
skylot/jadx,4732,71,34,0,Java,2050,1634,79.71
karan/Projects,4624,19,0,0,Nenhuma,92,37,40.22
run-llama/llama_index,1217,5,425,0,Python,6929,6697,96.65
freqtrade/freqtrade,3211,25,110,0,Python,5556,5526,99.46
akullpp/awesome-java,4255,72,0,0,Nenhuma,138,136,98.55
ggml-org/whisper.cpp,1254,72,31,0,C++,1869,873,46.71
typescript-cheatsheets/react,2831,77,0,0,JavaScript,224,224,100.0
1c7/chinese-independent-developer,3084,99,0,0,Nenhuma,241,239,99.17
serverless/serverless,3969,86,480,0,JavaScript,6598,5481,83.07
brillout/awesome-react-components,3538,95,0,0,Nenhuma,55,45,81.82
v2ray/v2ray-core,3832,99,247,0,Go,2596,2593,99.88
jakevdp/PythonDataScienceHandbook,3491,28,0,0,Jupyter Notebook,208,79,37.98
square/okhttp,4970,7,0,0,Kotlin,4246,4180,98.45
slab/quill,4963,98,95,0,TypeScript,3821,3269,85.55
Homebrew/brew,3649,56,473,0,Ruby,4995,4986,99.82
pixijs/pixijs,4788,84,303,0,TypeScript,6069,5798,95.53
GokuMohandas/Made-With-ML,2675,25,0,0,Jupyter Notebook,77,59,76.62
discourse/discourse,4798,94,0,0,Ruby,0,0,0
tw93/Pake,1236,43,41,0,Rust,473,473,100.0
metabase/metabase,4046,34,732,0,Clojure,24349,20710,85.05
OpenCut-app/OpenCut,254,97,2,0,TypeScript,248,85,34.27
DovAmir/awesome-design-patterns,2828,30,0,0,Nenhuma,15,5,33.33
ziishaned/learn-regex,3145,98,0,0,Nenhuma,87,36,41.38
ClickHouse/ClickHouse,3561,95,745,0,C++,27381,22811,83.31
makeplane/plane,1199,41,53,0,TypeScript,1555,961,61.8
Asabeneh/30-Days-Of-JavaScript,2261,98,0,0,JavaScript,178,60,33.71
oobabooga/text-generation-webui,1168,87,92,0,Python,4096,1455,35.52
dypsilon/frontend-dev-bookmarks,4636,100,1,0,Nenhuma,108,82,75.93
astral-sh/ruff,1301,26,401,0,Rust,7788,6145,78.9
virattt/ai-hedge-fund,458,39,0,0,Python,230,203,88.26
acmesh-official/acme.sh,3719,39,46,0,Shell,3510,2387,68.01
microsoft/AI-For-Beginners,1825,98,0,0,Jupyter Notebook,149,148,99.33
microsoft/monaco-editor,3555,95,187,0,JavaScript,3964,3228,81.43
tldraw/tldraw,1758,6,101,0,TypeScript,2144,1871,87.27
android/architecture-samples,3678,100,0,0,Kotlin,491,349,71.08
prisma/prisma,2447,100,242,0,TypeScript,11819,9434,79.82
LeCoupa/awesome-cheatsheets,3036,99,0,0,JavaScript,98,59,60.2
GitHubDaily/GitHubDaily,2619,3,0,0,Nenhuma,709,181,25.53
jeecgboot/JeecgBoot,2653,100,68,0,Java,8155,8110,99.45
ColorlibHQ/AdminLTE,4451,100,77,0,CSS,2906,2769,95.29
jestjs/jest,4466,100,213,0,TypeScript,8179,7971,97.46
ghostty-org/ghostty,1434,100,1,0,Zig,2012,1880,93.44
google/zx,1763,41,100,0,JavaScript,511,492,96.28
coreybutler/nvm-windows,4181,93,23,0,Go,951,873,91.8
crewAIInc/crewAI,858,84,140,0,Python,1758,1686,95.9
bevyengine/bevy,2235,88,53,0,Rust,8003,5348,66.82
isocpp/CppCoreGuidelines,3848,100,4,0,CSS,1229,985,80.15
RocketChat/Rocket.Chat,3941,40,1000,0,TypeScript,16788,14486,86.29
meteor/meteor,5157,100,0,0,JavaScript,9256,9020,97.45
NanmiCoder/MediaCrawler,997,95,0,0,Python,566,435,76.86
KRTirtho/spotube,1843,87,43,0,Dart,2021,1304,64.52
coqui-ai/TTS,2112,42,98,0,Python,1230,1225,99.59
vercel/hyper,3532,94,88,0,TypeScript,3821,2874,75.22
slidevjs/slidev,1774,91,419,0,TypeScript,1295,1139,87.95
Leaflet/Leaflet,5640,77,34,0,JavaScript,5342,4943,92.53
react-hook-form/react-hook-form,2554,55,600,0,TypeScript,4926,4839,98.23
penpot/penpot,3716,88,69,0,Clojure,2166,1623,74.93
gedoor/legado,2477,66,115,0,Kotlin,3197,3169,99.12
apache/airflow,3976,35,114,0,Python,13868,12501,90.14
grpc/grpc,4102,42,364,0,C++,11911,11224,94.23
karpathy/nanochat,140,59,0,0,Python,116,101,87.07
GitSquared/edex-ui,3321,85,29,0,JavaScript,559,553,98.93
pyenv/pyenv,4932,85,149,0,Shell,1882,1832,97.34
sudheerj/reactjs-interview-questions,2832,100,0,0,JavaScript,112,109,97.32
docker/awesome-compose,2210,72,0,0,HTML,140,43,30.71
astaxie/build-web-application-with-golang,4960,100,0,0,Go,306,183,59.8
parcel-bundler/parcel,3129,79,52,0,JavaScript,5521,5052,91.51
NaiboWang/EasySpider,2054,44,10,0,JavaScript,757,495,65.39
iina/iina,3361,48,47,0,Swift,4374,2506,57.29
streamich/react-use,2684,54,256,0,TypeScript,609,245,40.23
square/retrofit,5656,35,4,0,HTML,2764,2637,95.41
babel/babel,4173,77,452,0,TypeScript,9057,8464,93.45
yangshun/front-end-interview-handbook,2970,90,0,0,MDX,102,91,89.22
lukasz-madon/awesome-remote-job,4078,84,0,0,Nenhuma,87,75,86.21
aymericdamien/TensorFlow-Examples,3764,78,0,0,Jupyter Notebook,238,71,29.83
streamlit/streamlit,2383,96,115,0,Python,5777,4651,80.51
upscayl/upscayl,1311,0,29,0,TypeScript,1035,977,94.4
SimplifyJobs/Summer2026-Internships,2109,100,0,0,Python,7246,7242,99.94
FuelLabs/fuels-rs,1583,98,120,0,Rust,663,613,92.46
AykutSarac/jsoncrack.com,1492,52,22,0,TypeScript,281,246,87.54
FuelLabs/fuels-ts,1641,99,156,0,TypeScript,1457,1400,96.09
spf13/cobra,4563,56,27,0,Go,1238,997,80.53
getsentry/sentry,5663,100,163,0,Python,16708,14767,88.38
zhongyang219/TrafficMonitor,3138,67,26,0,C++,1975,728,36.86
mudler/LocalAI,1080,39,97,0,Go,1276,1153,90.36
helix-editor/helix,2101,91,30,0,Rust,5736,4730,82.46
milvus-io/milvus,2360,90,153,0,Go,15188,14360,94.55
Unitech/pm2,4669,100,134,1,JavaScript,5116,4103,80.2
apache/spark,4389,7,0,0,Scala,10,2,20.0
9001/copyparty,2472,98,336,0,Python,846,634,74.94
Light-City/CPlusPlusThings,2424,65,0,0,C++,230,218,94.78
Kong/kong,4123,18,145,0,Lua,4590,4532,98.74
cli/cli,2342,100,189,0,Go,5770,4865,84.32
ziglang/zig,3862,74,21,0,Zig,13518,10186,75.35
faif/python-patterns,5017,100,0,0,Python,96,85,88.54
alex/what-happens-when,4499,83,0,0,Nenhuma,296,54,18.24
k88hudson/git-flight-rules,4241,58,0,2,Nenhuma,73,57,78.08
mitmproxy/mitmproxy,5859,78,79,0,Python,3641,3276,89.98
tmux/tmux,3925,2,39,0,C,3895,3861,99.13
bannedbook/fanqiang,4066,3,3,0,Kotlin,812,485,59.73
Alamofire/Alamofire,4233,70,104,0,Swift,2812,2779,98.83
jgm/pandoc,5826,71,153,0,Haskell,8180,7212,88.17
hiroi-sora/Umi-OCR,1436,55,31,0,Python,839,517,61.62
DIYgod/RSSHub,2891,100,0,0,TypeScript,6317,5957,94.3
files-community/Files,2614,59,130,0,C#,11064,10556,95.41
apachecn/ailearning,3293,47,2,0,Python,116,113,97.41
mingrammer/diagrams,2220,83,46,0,Python,539,224,41.56
colinhacks/zod,2186,83,201,0,TypeScript,3007,2843,94.55
exo-explore/exo,616,99,13,0,Python,727,617,84.87
gradio-app/gradio,2631,47,1000,0,Python,6461,6015,93.1
sharkdp/fd,3219,69,41,0,Rust,950,817,86.0
fastapi/full-stack-fastapi-template,2564,37,12,0,TypeScript,436,436,100.0
nolimits4web/swiper,5101,100,94,0,JavaScript,5808,5575,95.99
zhayujie/chatgpt-on-wechat,1304,66,66,0,Python,2023,1715,84.78
deepspeedai/DeepSpeed,2230,70,106,0,Python,3308,2155,65.15
apache/dubbo,5005,88,113,0,Java,7367,6562,89.07
siyuan-note/siyuan,2011,99,877,0,TypeScript,16191,15852,97.91
byoungd/English-level-up-tips,3199,25,0,0,Nenhuma,106,78,73.58
nwjs/nw.js,5172,97,0,0,JavaScript,7434,6482,87.19
ray-project/ray,3415,47,122,0,Python,22395,19482,86.99
yarnpkg/yarn,3695,60,153,0,JavaScript,6614,4740,71.67
dcloudio/uni-app,2791,82,0,0,JavaScript,5052,4384,86.78
psf/black,2910,66,51,0,Python,2777,2483,89.41
dylanaraps/pure-bash-bible,2820,26,0,0,Shell,77,33,42.86
hpcaitech/ColossalAI,1586,94,50,0,Python,1741,1299,74.61
logseq/logseq,2110,90,152,0,Clojure,8097,7130,88.06
usebruno/bruno,1252,81,160,0,JavaScript,3883,2425,62.45
hexojs/hexo,4908,80,117,0,TypeScript,3993,3918,98.12
zai-org/ChatGLM-6B,1085,47,0,0,Python,1312,751,57.24
ccxt/ccxt,3214,95,214,0,Python,11296,10495,92.91
bailicangdu/vue2-elm,3357,21,0,0,Vue,631,512,81.14
Aider-AI/aider,1028,77,93,0,Python,3972,2807,70.67
fastlane/fastlane,4108,64,560,0,Ruby,13259,12592,94.97
karanpratapsingh/system-design,1295,11,0,0,Nenhuma,23,21,91.3
chubin/cheat.sh,3221,68,0,0,Python,264,135,51.14
styled-components/styled-components,3486,39,189,0,TypeScript,2985,2676,89.65
vuetifyjs/vuetify,3459,47,639,0,TypeScript,15269,14775,96.76
curl/curl,5828,59,94,0,C,5375,5362,99.76
payloadcms/payload,1882,36,558,0,TypeScript,4368,4100,93.86
juspay/hyperswitch,1232,86,152,0,Rust,3457,2506,72.49
tabler/tabler,2952,87,51,0,HTML,1150,1063,92.43
janhq/jan,929,100,97,0,TypeScript,3311,3070,92.72
CherryHQ/cherry-studio,648,67,244,0,TypeScript,8601,8127,94.49
LC044/WeChatMsg,1147,43,0,0,Nenhuma,0,0,0
bradtraversy/50projects50days,1932,44,0,0,CSS,0,0,0
Raphire/Win11Debloat,1952,23,23,0,PowerShell,281,249,88.61
calcom/cal.com,1806,96,611,0,TypeScript,9044,8064,89.16
zen-browser/desktop,705,75,154,0,JavaScript,8434,7946,94.21
saadeghi/daisyui,1920,98,184,0,Svelte,2113,2083,98.58
DataExpert-io/data-engineer-handbook,834,100,0,0,Jupyter Notebook,84,71,84.52
chakra-ui/chakra-ui,2389,98,1000,0,TypeScript,4284,4278,99.86
jingyaogong/minimind,584,9,2,0,Python,545,524,96.15
QSCTech/zju-icicles,3534,76,0,0,HTML,78,69,88.46
twentyhq/twenty,1187,37,59,0,TypeScript,6122,5918,96.67
aria2/aria2,5575,66,24,0,C++,1913,826,43.18
zbezj/HEU_KMS_Activator,2445,0,49,0,Nenhuma,194,31,15.98
wg/wrk,5095,0,0,0,C,407,262,64.37
charmbracelet/bubbletea,2243,44,72,0,Go,407,313,76.9
remoteintech/remote-jobs,3794,96,0,0,Nunjucks,203,196,96.55
php/php-src,5374,90,42,0,C,4926,3987,80.94
vim/vim,3849,85,0,0,Vim Script,9343,7779,83.26
ComposioHQ/awesome-claude-skills,137,17,0,0,Python,55,3,5.45
google-research/bert,2685,32,0,0,Python,1145,355,31.0
pingcap/tidb,3831,23,213,0,Go,22402,17960,80.17
evanw/esbuild,3548,71,309,0,Go,3856,3312,85.89
HeyPuter/puter,730,100,8,0,JavaScript,1007,846,84.01
trpc/trpc,2054,10,230,0,TypeScript,1339,1190,88.87
go-gorm/gorm,4512,99,11,0,Go,6095,5607,91.99
freefq/free,2095,0,0,0,Nenhuma,808,257,31.81
videojs/video.js,5771,60,334,0,JavaScript,5416,4817,88.94
floodsung/Deep-Learning-Papers-Reading-Roadmap,3426,28,0,0,Python,57,5,8.77
danielmiessler/Fabric,789,99,381,0,Go,835,814,97.49
lm-sys/FastChat,1080,3,14,0,Python,1926,1067,55.4
photoprism/photoprism,2956,90,79,0,Go,2485,2052,82.58
gofiber/fiber,2238,23,135,0,Go,1631,1592,97.61
appsmithorg/appsmith,2072,66,301,0,TypeScript,23706,19299,81.41
facebookresearch/faiss,3310,100,24,0,C++,2724,2499,91.74
goabstract/Awesome-Design-Tools,2575,100,0,0,JavaScript,49,26,53.06
Dogfalo/materialize,4189,81,41,1,JavaScript,5222,4599,88.07
phaserjs/phaser,4707,100,173,0,JavaScript,4600,4512,98.09
google/styleguide,3939,79,0,0,HTML,363,244,67.22
koalaman/shellcheck,4854,100,30,0,Haskell,2943,1759,59.77
suno-ai/bark,1060,19,0,0,Jupyter Notebook,477,242,50.73
imputnet/cobalt,1333,23,0,0,Svelte,1003,807,80.46
QuivrHQ/quivr,1025,86,354,0,Python,1538,1534,99.74
google/leveldb,4205,58,21,0,C++,788,540,68.53
bmad-code-org/BMAD-METHOD,323,91,24,0,JavaScript,803,737,91.78
2noise/ChatTTS,644,41,6,0,Python,672,614,91.37
DataTalksClub/data-engineering-zoomcamp,1594,88,0,0,Jupyter Notebook,141,139,98.58
chatboxai/chatbox,1092,0,52,0,TypeScript,2492,1501,60.23
mifi/lossless-cut,3410,100,105,0,TypeScript,1801,1565,86.9
novuhq/novu,1649,92,108,0,TypeScript,1668,1542,92.45
mindsdb/mindsdb,2769,83,336,0,Python,4399,4327,98.36
nushell/nushell,2488,100,117,0,Rust,7017,5545,79.02
freeCodeCamp/devdocs,4512,100,0,0,Ruby,1262,1065,84.39
impress/impress.js,5178,82,15,0,JavaScript,483,432,89.44
preactjs/preact,3826,87,240,0,JavaScript,1929,1869,96.89
remotion-dev/remotion,2078,57,593,0,TypeScript,2201,2119,96.27
agno-agi/agno,1398,75,171,0,Python,1963,1687,85.94
google/googletest,3870,97,11,0,C++,2364,1989,84.14
gto76/python-cheatsheet,2959,0,0,0,Python,27,27,100.0
PhilJay/MPAndroidChart,4329,45,44,0,Java,4965,2898,58.37
PatrickJS/awesome-cursorrules,532,68,0,0,MDX,51,8,15.69
microsoft/qlib,2027,63,23,0,Python,1041,762,73.2
lapce/lapce,2947,82,35,0,Rust,2011,1200,59.67
istio/istio,3391,76,423,0,Go,21696,21278,98.07
halo-dev/halo,2903,30,250,0,Java,4577,4342,94.87
Kong/insomnia,3601,100,546,0,TypeScript,3975,3251,81.79
ant-design/ant-design-pro,3111,62,26,0,TypeScript,9799,9625,98.22
naptha/tesseract.js,3905,86,57,0,JavaScript,734,703,95.78
dotnet/aspnetcore,4375,92,275,0,C#,38637,35090,90.82
tw93/Mole,161,98,26,0,Shell,340,340,100.0
denysdovhan/wtfjs,3153,100,25,0,JavaScript,118,96,81.36
rapid7/metasploit-framework,5299,100,0,0,Ruby,6424,5951,92.64
FreeCodeCampChina/freecodecamp.cn,3441,55,0,0,CSS,587,445,75.81
httpie/cli,5119,100,47,0,Python,910,723,79.45
pola-rs/polars,2119,23,248,0,Rust,12416,9906,79.78
BerriAI/litellm,950,93,1000,0,Python,9215,8392,91.07
huihut/interview,2944,30,0,0,C++,66,65,98.48
ToolJet/ToolJet,1799,63,448,0,JavaScript,5149,4536,88.09
RSSNext/Folo,694,81,93,0,TypeScript,2564,2184,85.18
vlang/v,2580,66,302,0,V,10267,9152,89.14
LAION-AI/Open-Assistant,1176,22,127,0,Python,1646,1419,86.21
outline/outline,3571,53,157,0,TypeScript,3905,3868,99.05
TencentARC/GFPGAN,1810,10,8,0,Python,509,135,26.52
TeamNewPipe/NewPipe,3833,96,140,0,Java,10099,8774,86.88
google-research/google-research,2706,29,0,0,Jupyter Notebook,1440,348,24.17
chatchat-space/Langchain-Chatchat,1067,64,31,0,Python,4237,4230,99.83
eugenp/tutorials,4690,100,0,0,Java,790,773,97.85
CorentinTh/it-tools,2157,94,10,0,Vue,670,218,32.54
NervJS/taro,2886,99,207,0,TypeScript,13110,11492,87.66
kilimchoi/engineering-blogs,3915,97,0,0,Ruby,97,75,77.32
exacity/deeplearningbook-chinese,3372,16,7,0,TeX,203,139,68.47
llvm/llvm-project,3373,58,149,0,LLVM,92432,64357,69.63
0voice/interview_internal_reference,2458,35,0,0,Python,52,19,36.54
spacedriveapp/spacedrive,1618,93,28,0,Rust,530,518,97.74
vnpy/vnpy,4019,74,66,0,Python,2162,2151,99.49
alibaba/arthas,2742,100,66,0,Java,2130,1752,82.25
docker/compose,4466,100,275,0,Go,8277,8232,99.46
paperless-ngx/paperless-ngx,1479,56,142,0,Python,2359,2359,100.0
openai/gym,3596,93,19,0,Python,1840,1727,93.86
ManimCommunity/manim,2114,42,33,0,Python,1737,1362,78.41
huiyadanli/RevokeMsgPatcher,2416,6,21,0,C#,993,945,95.17
satwikkansal/wtfpython,3108,94,2,0,Python,224,158,70.54
AobingJava/JavaFamily,2303,2,0,0,Nenhuma,66,60,90.91
babysor/MockingBird,1669,55,1,0,Python,892,415,46.52
inkonchain/docs,664,95,0,0,MDX,37,13,35.14
drawdb-io/drawdb,960,91,0,0,JavaScript,337,214,63.5
inkonchain/node,658,36,6,0,Shell,26,13,50.0
PKUanonym/REKCARC-TSC-UHT,2524,89,0,0,HTML,34,32,94.12
exelban/stats,2469,81,321,0,Swift,2449,2426,99.06
sqlmapproject/sqlmap,4998,99,11,0,Python,5392,5353,99.28
portainer/portainer,3574,0,176,0,TypeScript,6026,5342,88.65
inkonchain/ink-kit,483,91,0,0,TypeScript,5,3,60.0
shadowsocks/shadowsocks-android,4824,100,186,0,Kotlin,2513,2459,97.85
roboflow/supervision,1190,60,35,0,Python,517,431,83.37
markedjs/marked,5335,93,165,0,TypeScript,1652,1643,99.46
open-guides/og-aws,3519,57,0,0,Shell,228,88,38.6
alebcay/awesome-shell,4257,97,0,0,Nenhuma,63,23,36.51
date-fns/date-fns,4165,7,122,0,TypeScript,2038,1382,67.81
gkd-kit/gkd,973,8,64,0,Kotlin,735,725,98.64
code-yeongyu/oh-my-opencode,90,24,147,0,TypeScript,1156,964,83.39
huggingface/pytorch-image-models,2586,54,75,0,Python,1026,978,95.32
duckdb/duckdb,2806,38,56,0,C++,6580,6043,91.84
nextlevelbuilder/ui-ux-pro-max-skill,92,60,14,0,Python,67,26,38.81
karpathy/LLM101n,645,0,0,0,Nenhuma,0,0,0
fengdu78/Coursera-ML-AndrewNg-Notes,3041,14,0,0,HTML,69,15,21.74
typeorm/typeorm,3655,83,40,0,TypeScript,8541,8127,95.15
chatanywhere/GPT_API_free,1044,1,0,0,Python,418,365,87.32
DavidHDev/react-bits,574,100,0,0,JavaScript,475,470,98.95
SheetJS/sheetjs,4837,100,0,0,Nenhuma,2386,2267,95.01
hankcs/HanLP,4163,76,62,0,Python,1434,1426,99.44
slatedocs/slate,4553,79,28,3,Nenhuma,609,559,91.79
formulahendry/955.WLB,2532,18,0,0,Nenhuma,263,81,30.8
lerna/lerna,3742,99,249,0,TypeScript,2693,2312,85.85
juanfont/headscale,2081,39,132,0,Go,1234,1155,93.6
myshell-ai/OpenVoice,824,18,0,0,Python,348,73,20.98
geekxh/hello-algorithm,2104,11,0,0,Java,44,33,75.0
666ghj/BettaFish,609,96,6,0,Python,389,374,96.14
XingangPan/DragGAN,1020,17,0,0,Python,192,46,23.96
carbon-app/carbon,3182,69,215,0,JavaScript,689,627,91.0
aseprite/aseprite,4213,88,123,0,C++,4479,2639,58.92
opentofu/manifesto,932,96,0,0,HTML,26,14,53.85
servo/servo,5136,81,5,0,Rust,15207,12326,81.05
qbittorrent/qBittorrent,5141,63,0,0,C++,17270,14818,85.8
reworkd/AgentGPT,1061,100,12,0,TypeScript,469,337,71.86
deepseek-ai/awesome-deepseek-integration,782,100,0,0,Nenhuma,156,154,98.72
ShareX/ShareX,4528,100,85,0,C#,7173,6609,92.14
koajs/koa,4608,51,16,0,JavaScript,933,914,97.96
fastify/fastify,3442,19,306,0,JavaScript,2145,2070,96.5
doocs/leetcode,2724,70,21,0,Java,58,58,100.0
mattermost/mattermost,3914,60,934,0,TypeScript,9194,8656,94.15
jondot/awesome-react-native,3994,100,0,0,JavaScript,74,37,50.0
YunaiV/ruoyi-vue-pro,1864,71,54,0,Java,742,739,99.6
airbnb/lottie-android,3434,33,63,0,Java,1810,1754,96.91
jaywcjlove/linux-command,3397,82,32,0,Markdown,209,133,63.64
junegunn/vim-plug,4556,70,8,0,Vim Script,1041,972,93.37
veggiemonk/awesome-docker,4180,91,1,0,Makefile,139,136,97.84
amruthpillai/reactive-resume,2168,33,109,0,TypeScript,1839,1794,97.55
XTLS/Xray-core,1939,78,106,0,Go,2776,2753,99.17
alvarotrigo/fullPage.js,4546,97,108,0,JavaScript,4151,4041,97.35
umami-software/umami,2055,64,106,0,TypeScript,2068,1973,95.41
xyflow/xyflow,2422,80,369,0,TypeScript,2366,2274,96.11
ueberdosis/tiptap,2751,100,950,0,TypeScript,3519,2713,77.1
nativefier/nativefier,3894,96,99,0,TypeScript,1237,982,79.39
vadimdemedes/ink,3186,68,72,0,TypeScript,409,393,96.09
solidjs/solid,2869,81,35,0,TypeScript,1122,1012,90.2
sahat/hackathon-starter,4492,97,18,0,JavaScript,717,716,99.86
unknwon/the-way-to-go_ZH_CN,4726,100,0,0,Go,0,0,0
hashicorp/vault,4024,84,174,0,Go,6501,5288,81.34
bumptech/glide,4620,60,54,0,Java,4517,3935,87.12
DioxusLabs/dioxus,1873,23,33,0,Rust,2442,1849,75.72
jax-ml/jax,2685,25,134,0,Python,6874,5191,75.52
geekan/HowToLiveLonger,1417,13,0,0,Nenhuma,140,103,73.57
pbatard/rufus,5217,1,88,0,C,2625,2616,99.66
zsh-users/zsh-autosuggestions,4510,40,0,0,Shell,620,458,73.87
sorrycc/awesome-javascript,4262,98,0,0,Nenhuma,93,89,95.7
LizardByte/Sunshine,1538,44,45,0,C++,1182,1106,93.57
TriliumNext/Trilium,3206,92,348,0,TypeScript,5169,4313,83.44
netty/netty,5593,43,0,0,Java,6847,6281,91.73
typicode/husky,4270,64,80,0,JavaScript,1110,1031,92.88
geekcomputers/Python,5207,100,0,0,Python,529,159,30.06
BVLC/caffe,4554,90,14,0,C++,4801,3903,81.3
fxsjy/jieba,4903,96,9,0,Python,873,231,26.46
RVC-Project/Retrieval-based-Voice-Conversion-WebUI,1072,59,7,0,Python,1994,1314,65.9
ryanhanwu/How-To-Ask-Questions-The-Smart-Way,3992,98,0,0,JavaScript,30,20,66.67
mouredev/Hello-Python,1307,0,0,0,Python,425,404,95.06
Textualize/textual,1789,40,211,0,Python,2350,2155,91.7
laravel/framework,4799,97,911,0,PHP,19153,19102,99.73
alan2207/bulletproof-react,1737,57,0,0,TypeScript,117,77,65.81
xinntao/Real-ESRGAN,1688,13,10,0,Python,752,174,23.14
kuchin/awesome-cto,3363,18,0,0,Nenhuma,12,12,100.0
jaredpalmer/formik,3183,54,200,1,TypeScript,2268,1562,68.87
directus/directus,4829,100,356,0,TypeScript,9733,9380,96.37
nodejs/node-v0.x-archive,6123,77,0,0,Nenhuma,6379,6379,100.0
xitu/gold-miner,3772,54,0,0,Nenhuma,5602,5591,99.8
mpv-player/mpv,4889,24,88,0,C,10840,9866,91.01
schollz/croc,3058,71,180,0,Go,563,561,99.64
danny-avila/LibreChat,1115,45,78,0,TypeScript,4163,3929,94.38
python-poetry/poetry,2924,88,147,0,Python,6317,5811,91.99
chenfei-wu/TaskMatrix,1097,21,0,0,Python,357,136,38.1
hyprwm/Hyprland,1447,75,106,0,C++,7479,7420,99.21
google/langextract,237,15,12,0,Python,180,92,51.11
nextcloud/server,3561,5,405,0,PHP,20834,18357,88.11
gchq/CyberChef,3381,44,451,0,JavaScript,1104,663,60.05
pnpm/pnpm,3687,58,1000,0,TypeScript,5218,3209,61.5
testerSunshine/12306,3211,29,1,0,Python,690,466,67.54
zenorocha/clipboard.js,3818,82,42,0,JavaScript,629,618,98.25
refinedev/refine,1867,93,1000,0,TypeScript,1725,1709,99.07
facebookresearch/detectron2,2370,0,10,0,Python,3569,3099,86.83
microsoft/Data-Science-For-Beginners,1825,57,0,0,Jupyter Notebook,134,134,100.0
xkcoding/spring-boot-demo,3035,15,0,0,Java,173,73,42.2
ashishps1/awesome-system-design-resources,860,3,0,0,Java,30,26,86.67
TheAlgorithms/JavaScript,3155,66,0,0,JavaScript,223,202,90.58
SeleniumHQ/selenium,4795,78,114,0,Java,11133,11013,98.92
atlassian/react-beautiful-dnd,3128,36,68,0,JavaScript,1619,1047,64.67
anoma/anoma,1855,86,12,0,Elixir,713,630,88.36
anthropics/claude-cookbooks,930,53,0,0,Jupyter Notebook,126,108,85.71
qishibo/AnotherRedisDesktopManager,2611,30,53,0,JavaScript,1100,936,85.09
google-ai-edge/mediapipe,2454,6,64,0,C++,5615,5178,92.22
ehang-io/nps,2675,70,59,0,Go,1205,697,57.84
ajeetdsouza/zoxide,2188,50,37,0,Rust,719,601,83.59
TheAlgorithms/C-Plus-Plus,3516,94,0,0,C++,331,323,97.58
1Panel-dev/1Panel,1322,0,108,0,Go,6296,5881,93.41
zxing/zxing,5255,100,32,0,Java,1340,1336,99.7
GorvGoyl/Clone-Wars,1916,99,0,0,Nenhuma,86,70,81.4
harness/harness,4407,100,55,0,Go,2017,1937,96.03
CMU-Perceptual-Computing-Lab/openpose,3234,64,15,0,C++,2007,1667,83.06
halfrost/LeetCode-Go,3150,68,4,0,Go,82,64,78.05
Pythagora-io/gpt-pilot,929,82,0,0,Python,554,314,56.68
alibaba/easyexcel,2947,48,14,0,Java,3620,3131,86.49
jqlang/jq,4975,86,15,0,C,2320,1960,84.48
Blankj/AndroidUtilCode,3502,65,117,0,Java,1595,1283,80.44
AFNetworking/AFNetworking,5389,100,40,1,Objective-C,0,0,0
lllyasviel/ControlNet,1126,5,0,0,Python,574,138,24.04
ZuodaoTech/everyone-can-use-english,2544,57,48,0,TypeScript,470,376,80.0
filebrowser/filebrowser,3825,64,128,0,Go,2892,2864,99.03
carbon-language/carbon-lang,2135,100,604,0,C++,793,614,77.43
shadowsocks/shadowsocks,5064,69,2,0,Python,0,0,0
asgeirtj/system_prompts_leaks,304,15,0,0,HTML,0,0,0
XX-net/XX-Net,4065,100,390,0,Python,13339,5417,40.61
sxyazi/yazi,968,31,30,0,Rust,1694,1648,97.28
lib-pku/libpku,2657,22,0,0,TeX,43,32,74.42
v2fly/v2ray-core,2514,91,121,0,Go,1075,1051,97.77
IceWhaleTech/CasaOS,1619,15,97,0,Go,1676,895,53.4
swc-project/swc,2992,10,780,0,Rust,4112,3738,90.9
explosion/spaCy,4260,98,133,0,Python,5742,5585,97.27
bayandin/awesome-awesomeness,4256,92,0,0,Ruby,69,52,75.36
balena-io/etcher,3779,100,289,0,TypeScript,2461,1850,75.17
pcottle/learnGitBranching,4949,91,0,0,JavaScript,530,477,90.0
bilibili/ijkplayer,4656,32,0,0,C,5384,2547,47.31
adobe/brackets,5199,51,69,0,JavaScript,9683,7066,72.97
keycloak/keycloak,4626,100,101,0,Java,17543,15255,86.96
immutable-js/immutable-js,4262,95,90,0,TypeScript,1266,1171,92.5
awesome-foss/awesome-sysadmin,4088,89,0,0,Nenhuma,105,90,85.71
utmapp/UTM,2516,100,128,0,Swift,3583,2607,72.76
mckaywrigley/chatbot-ui,1087,84,0,0,TypeScript,1002,817,81.54
drizzle-team/drizzle-orm,1713,62,169,0,TypeScript,3465,2230,64.36
gulpjs/gulp,4625,90,24,1,JavaScript,1937,1907,98.45
TabbyML/tabby,1083,6,249,0,Rust,990,753,76.06
SerenityOS/serenity,2647,46,0,0,C++,4293,3570,83.16
derailed/k9s,2593,100,257,0,Go,2281,2084,91.36
wailsapp/wails,2634,18,292,0,Go,2320,2092,90.17
huggingface/diffusers,1372,80,88,0,Python,5235,4627,88.39
shadowsocks/ShadowsocksX-NG,3552,60,30,0,Swift,1360,1051,77.28
GyulyVGC/sniffnet,1310,83,16,0,Rust,314,267,85.03
certbot/certbot,4129,96,68,0,Python,5519,5387,97.61
AdguardTeam/AdGuardHome,3526,75,229,0,Go,5917,4697,79.38
khoj-ai/khoj,1660,4,170,0,Python,568,487,85.74
ocrmypdf/OCRmyPDF,4456,99,52,0,Python,1322,1185,89.64
ibraheemdev/modern-unix,1876,15,0,0,Nenhuma,83,30,36.14
nothings/stb,4299,90,0,0,C,934,715,76.55
firecracker-microvm/firecracker,3057,100,84,0,Rust,1485,1435,96.63
fish-shell/fish-shell,5045,97,62,0,Rust,8008,7520,93.91
zeromicro/go-zero,2033,76,149,0,Go,1955,1785,91.3
backstage/backstage,2229,40,494,0,TypeScript,7468,7174,96.06
google/comprehensive-rust,1167,61,0,0,Rust,361,243,67.31
alibaba/nacos,2818,12,88,0,Java,9478,9266,97.76
openai/CLIP,1902,25,0,0,Jupyter Notebook,442,192,43.44
mli/paper-reading,1593,14,0,0,Nenhuma,0,0,0
qier222/YesPlayMusic,1971,79,32,0,Vue,1834,1200,65.43
binarywang/WxJava,3709,85,31,0,Java,2453,2445,99.67
MonitorControl/MonitorControl,3089,66,26,0,Swift,1010,994,98.42
chen08209/FlClash,931,2,102,0,Dart,1606,1000,62.27
lutzroeder/netron,5545,1,4,0,JavaScript,1253,1236,98.64
stanfordnlp/dspy,1148,44,106,0,Python,1507,1221,81.02
restic/restic,4327,20,49,0,Go,2911,2468,84.78
thedotmack/claude-mem,183,41,209,0,TypeScript,658,622,94.53
floating-ui/floating-ui,3625,46,506,0,TypeScript,1476,1443,97.76
yewstack/yew,2998,47,38,0,Rust,1266,1165,92.02
remix-run/remix,1953,33,357,0,TypeScript,2695,2660,98.7
beego/beego,5116,94,42,0,Go,3380,3379,99.97
open-mmlab/mmdetection,2750,18,53,0,Python,8523,6753,79.23
ziadoz/awesome-php,4480,99,0,0,Nenhuma,155,153,98.71
cursor/cursor,1087,46,0,0,Nenhuma,0,0,0
k3s-io/k3s,2833,100,953,0,Go,7373,7265,98.54
vercel/swr,2317,65,126,0,TypeScript,973,831,85.41
glanceapp/glance,674,92,33,0,Go,506,293,57.91
lizongying/my-tv,819,11,72,0,C,921,777,84.36
block/goose,556,50,118,0,Rust,1793,1506,83.99
google/material-design-lite,4065,89,14,0,HTML,2204,1814,82.3
labstack/echo,4019,71,116,0,Go,1490,1442,96.78
0xAX/linux-insides,4076,98,0,0,Python,191,168,87.96
yunjey/pytorch-tutorial,3280,28,0,0,Python,180,114,63.33
medusajs/medusa,2235,59,146,0,TypeScript,3656,3587,98.11
Lissy93/web-check,981,36,1,0,TypeScript,135,65,48.15
facebookresearch/fairseq,3107,98,16,0,Python,4260,3060,71.83
The-Run-Philosophy-Organization/run,1423,97,0,0,Nenhuma,261,216,82.76
linera-io/linera-protocol,1535,100,31,0,Rust,1441,902,62.6
datalab-to/marker,854,30,71,0,Python,649,324,49.92
apache/kafka,5313,78,0,0,Java,0,0,0
frappe/erpnext,5382,63,1000,0,Python,17744,15789,88.98
ashishpatel26/500-AI-Machine-learning-Deep-learning-Computer-vision-NLP-Projects-with-code,1885,3,0,0,Nenhuma,74,26,35.14
PDFMathTranslate/PDFMathTranslate,543,47,24,0,Python,856,732,85.51
linexjlin/GPTs,843,45,0,0,Nenhuma,31,21,67.74
lovell/sharp,4578,100,107,0,JavaScript,4028,3910,97.07
cockroachdb/cockroach,4408,40,0,0,Go,82276,75611,91.9
anthropics/prompt-eng-interactive-tutorial,699,0,0,0,Jupyter Notebook,34,4,11.76
NginxProxyManager/nginx-proxy-manager,2994,59,86,0,TypeScript,3186,2344,73.57
hasura/graphql-engine,2815,29,300,0,TypeScript,6409,4165,64.99
dokku/dokku,4650,98,317,0,Shell,2844,2817,99.05
nicolargo/glances,5203,75,55,0,Python,2159,2030,94.03
PostHog/posthog,2230,35,80,0,Python,9061,6353,70.11
Trinea/android-open-project,4439,100,0,2,Nenhuma,87,75,86.21
Chanzhaoyu/chatgpt-web,1118,57,43,0,Vue,1746,1746,100.0
niklasvh/html2canvas,5344,78,45,0,TypeScript,2633,1664,63.2
casey/just,3546,2,131,0,Rust,1350,1004,74.37
microsoft/MS-DOS,2807,37,0,0,Assembly,0,0,0
valinet/ExplorerPatcher,1666,15,296,0,C,2660,2358,88.65
airbnb/lottie-web,4028,97,0,0,JavaScript,2908,2128,73.18
amix/vimrc,5025,100,0,0,Vim Script,523,510,97.51
ReactiveX/rxjs,4006,14,2,0,TypeScript,3165,2942,92.95
vbenjs/vue-vben-admin,2061,76,61,0,Vue,3897,3817,97.95
continuedev/continue,1014,100,802,0,TypeScript,5474,4502,82.24
facebook/rocksdb,4841,99,212,0,C++,3499,2650,75.74
kovidgoyal/kitty,3424,100,132,0,Python,6655,6646,99.86
codex-team/editor.js,3747,3,106,0,TypeScript,1540,937,60.84
ianstormtaylor/slate,3545,65,210,0,TypeScript,3228,2547,78.9
shardeum/shardeum,685,98,0,0,TypeScript,40,34,85.0
numpy/numpy,5649,35,139,0,Python,13817,11719,84.82
kubernetes/minikube,3608,94,154,0,Go,10449,9931,95.04
conductor-oss/conductor,816,84,33,0,Java,238,143,60.08
tinygrad/tinygrad,1961,94,14,0,Python,1083,959,88.55
OWASP/CheatSheetSeries,2628,85,0,0,Python,629,578,91.89
surrealdb/surrealdb,1544,70,119,0,Rust,2363,1782,75.41
OpenBMB/ChatDev,918,97,11,0,Python,302,269,89.07
raysan5/raylib,4512,68,24,0,C,2128,2127,99.95
coolsnowwolf/lede,3100,96,7,0,C,9324,8506,91.23
influxdata/influxdb,4540,85,95,0,Rust,14168,12117,85.52
tokio-rs/tokio,3461,48,141,0,Rust,2615,2291,87.61
alpinejs/alpine,2286,67,146,0,HTML,614,614,100.0
mathiasbynens/dotfiles,5292,44,0,0,Shell,393,255,64.89
microsoft/WSL,3617,37,97,0,C++,12064,11141,92.35
donnemartin/interactive-coding-challenges,3961,20,0,0,Python,69,32,46.38
Dokploy/dokploy,683,100,146,0,TypeScript,1647,1246,75.65
microsoft/graphrag,705,22,35,0,Python,798,772,96.74
TauricResearch/TradingAgents,430,14,1,0,Python,194,33,17.01
parallax/jsPDF,5930,96,41,0,JavaScript,2586,2482,95.98
MHSanaei/3x-ui,1117,76,101,0,HTML,2680,2274,84.85
motiondivision/motion,2664,42,0,0,TypeScript,1916,1705,88.99
mqyqingfeng/Blog,3277,3,0,0,Nenhuma,399,101,25.31
SagerNet/sing-box,1341,90,497,0,Go,2948,2786,94.5
patchy631/ai-engineering-hub,497,46,0,0,Jupyter Notebook,44,14,31.82
DevToys-app/DevToys,1616,39,39,0,C#,979,664,67.82
SortableJS/Sortable,4457,100,31,0,JavaScript,1825,1345,73.7
docsifyjs/docsify,3390,72,16,0,JavaScript,1311,1229,93.75
tqdm/tqdm,3925,25,133,0,Python,1039,594,57.17
fabricjs/fabric.js,5745,52,181,0,TypeScript,6205,5780,93.15
symfony/symfony,5901,88,600,0,PHP,21762,21383,98.26
pear-devs/pear-desktop,2509,80,87,0,TypeScript,1956,1379,70.5
OAI/OpenAPI-Specification,4382,93,14,0,Markdown,2409,2306,95.72
iawia002/lux,2928,29,86,0,Go,1073,548,51.07
eriklindernoren/ML-From-Scratch,3312,9,0,0,Python,78,37,47.44
Lightning-AI/pytorch-lightning,2529,90,172,0,Python,7496,6660,88.85
ascoders/weekly,3270,100,193,0,JavaScript,369,366,99.19
containers/podman,3043,10,236,0,Go,10459,9545,91.26
microsoft/calculator,2590,67,0,0,C++,1146,728,63.53
alibaba/p3c,3175,58,0,0,Kotlin,859,698,81.26
blueimp/jQuery-File-Upload,5570,100,0,0,PHP,3305,3256,98.52
webtorrent/webtorrent,4522,62,229,0,JavaScript,1675,1607,95.94
AMAI-GmbH/AI-Expert-Roadmap,1955,14,0,0,JavaScript,70,54,77.14
mantinedev/mantine,1880,52,290,0,TypeScript,3450,3418,99.07
seaweedfs/seaweedfs,4249,100,288,0,Go,3524,2899,82.26
XIU2/TrackersListCollection,2342,7,0,0,Nenhuma,0,0,0
aristocratos/btop,1761,88,54,0,C++,902,481,53.33
transloadit/uppy,3759,91,392,0,TypeScript,2519,2350,93.29
ityouknow/spring-boot-examples,3405,7,0,0,Java,109,99,90.83
blakeblackshear/frigate,2592,54,81,0,TypeScript,5878,5785,98.42
refined-github/refined-github,3668,98,185,0,TypeScript,4689,4601,98.12
iperov/DeepFaceLive,1903,13,35,0,Python,144,143,99.31
s0md3v/roop,1009,80,6,0,Python,0,0,0
layui/layui,3815,61,173,0,JavaScript,1452,1398,96.28
dgtlmoon/changedetection.io,1860,29,202,0,Python,1612,1322,82.01
VincentGarreau/particles.js,4195,16,6,0,JavaScript,412,107,25.97
sequelize/sequelize,5703,88,489,0,TypeScript,10422,9520,91.35
chinabugotech/hutool,4342,98,156,0,Java,3091,3089,99.94
VSCodium/vscodium,2758,34,263,0,Shell,1637,1501,91.69
trailofbits/algo,3579,68,4,0,Python,1650,1585,96.06
pmndrs/react-three-fiber,2562,94,131,0,TypeScript,1171,1166,99.57
herrbischoff/awesome-macos-command-line,3814,100,0,0,Nenhuma,0,0,0
ValveSoftware/Proton,2911,10,76,0,C++,9021,4051,44.91
Binaryify/NeteaseCloudMusicApi,3540,98,0,1,Nenhuma,1336,1189,89.0
tatsu-lab/stanford_alpaca,1088,1,0,0,Python,268,98,36.57
facebook/folly,5022,13,280,0,C++,1249,943,75.5
jobbole/awesome-python-cn,3773,49,0,0,Makefile,33,18,54.55
joshbuchea/HEAD,3603,76,0,0,Nenhuma,93,73,78.49
cfenollosa/os-tutorial,4173,11,0,0,C,182,106,58.24
AvaloniaUI/Avalonia,4470,70,119,0,C#,8311,6472,77.87
cheeriojs/cheerio,5259,55,62,0,TypeScript,1231,1210,98.29
spf13/viper,4352,82,35,0,Go,931,923,99.14
openai/openai-python,1954,51,367,0,Python,1201,1041,86.68
waydabber/BetterDisplay,1591,2,119,0,Nenhuma,2985,2811,94.17
dragonflydb/dragonfly,1543,57,114,0,C++,2111,1850,87.64
telegramdesktop/tdesktop,4322,100,829,0,C++,15767,14873,94.33
wshobson/agents,221,47,0,0,Python,59,53,89.83
songquanpeng/one-api,1045,100,55,0,JavaScript,1797,896,49.86
grafana/k6,3633,100,85,0,Go,2563,1834,71.56
sunface/rust-course,2765,100,0,0,Rust,219,154,70.32
jumpserver/jumpserver,4260,58,263,0,Python,7642,7579,99.18
xuxueli/xxl-job,3747,100,42,0,Java,3337,3164,94.82
StevenBlack/hosts,5072,100,832,0,Python,2203,2072,94.05
vercel/turborepo,1609,99,667,0,Rust,2050,1935,94.39
encode/django-rest-framework,5479,100,21,0,Python,3946,3907,99.01
square/leakcanary,3960,37,43,0,Kotlin,1655,1514,91.48
kingToolbox/WindTerm,2336,1,32,0,C,2911,586,20.13
AllThingsSmitty/css-protips,3838,55,0,0,Nenhuma,63,62,98.41
ageron/handson-ml2,2611,65,0,0,Jupyter Notebook,518,304,58.69
google-research/tuning_playbook,1139,10,0,0,Nenhuma,45,34,75.56
GoogleChrome/lighthouse,3647,76,130,0,JavaScript,9257,8769,94.73
apolloconfig/apollo,3650,20,42,0,Java,3397,3258,95.91
hashicorp/consul,4501,83,256,0,Go,5579,4285,76.81
foundation/foundation-sites,5254,100,79,0,HTML,8240,8179,99.26
iced-rs/iced,2422,37,18,0,Rust,1308,960,73.39
JushBJJ/Mr.-Ranedeer-AI-Tutor,1067,0,3,1,Nenhuma,48,34,70.83
openssl/openssl,4794,18,297,0,C,11162,9961,89.24
nvim-lua/kickstart.nvim,1348,93,0,0,Lua,666,633,95.05
vuejs/vue-cli,3719,76,178,0,JavaScript,5501,4564,82.97
qarmin/czkawka,2008,14,40,0,Rust,1108,692,62.45
sampotts/plyr,4034,98,93,0,JavaScript,2116,1225,57.89
alibaba/canal,4796,57,32,0,Java,4786,3614,75.51
aosabook/500lines,4502,93,0,0,JavaScript,70,41,58.57
zellij-org/zellij,2008,13,65,0,Rust,2517,1193,47.4
filamentphp/filament,2175,84,821,0,PHP,3314,3296,99.46
nginx/nginx,3905,93,14,0,C,476,251,52.73
react-boilerplate/react-boilerplate,4030,80,16,0,JavaScript,1909,1823,95.5
helm/helm,3801,96,237,0,Go,8358,8094,96.84
realpython/python-guide,5467,100,0,0,Batchfile,281,181,64.41
elsewhencode/project-guidelines,3167,81,0,0,JavaScript,39,29,74.36
bigint/hey,1444,57,0,0,TypeScript,0,0,0
